sentiment,anger,sadness,disgust,joy,fear
-0.906167,0.272111,0.751128,0.090044,0.012919,0.174592
-0.813771,0.133655,0.698303,0.51298,0.040216,0.713078
-0.621066,0.167296,0.684554,0.041046,0.025701,0.374354
-0.724783,0.126606,0.715237,0.117129,0.006873,0.350638
-0.389862,0.849189,0.247317,0.046398,0.036702,0.020026
-0.76659,0.094026,0.811678,0.072144,0.067168,0.085556
-0.776724,0.214028,0.701725,0.156438,0.057355,0.541238
-0.620014,0.145683,0.675013,0.058617,0.589742,0.569385
-0.812455,0.154398,0.684534,0.111294,0.088561,0.595274
-0.663463,0.46023,0.653503,0.091674,0.576797,0.670715
-0.868852,0.648398,0.604575,0.152584,0.406606,0.632767
-0.963862,0.088106,0.810495,0.060176,0.002482,0.30009
-0.891313,0.393346,0.514769,0.391894,0.006665,0.074111
-0.359884,0.07767,0.190372,0.021724,0.705623,0.029934
-0.844655,0.5855,0.705166,0.195722,0.440489,0.123951
-0.840515,0.554588,0.64387,0.110229,0.589232,0.110306
-0.816582,0.483254,0.638781,0.081203,0.410759,0.652394
-0.903837,0.242113,0.251524,0.251555,0.00109,0.638968
-0.627613,0.579224,0.642666,0.086814,0.560425,0.505138
-0.530667,0.629733,0.648273,0.648337,0.480674,0.687006
-0.287483,0.045258,0.80502,0.010211,0.106309,0.166398
-0.708824,0.612036,0.694128,0.161043,0.138325,0.126382
-0.603095,0.109369,0.645043,0.093876,0.583515,0.187951
0,0,0,0,0,0
-0.990246,0.089846,0.570788,0.051817,0.007374,0.593901
-0.368417,0.098142,0.685438,0.076327,0.638002,0.107517
-0.736882,0.576181,0.585977,0.084863,0.478363,0.106637
-0.849883,0.694747,0.693795,0.090893,0.500093,0.709529
-0.456164,0.545069,0.592929,0.136813,0.553355,0.132321
-0.531089,0.168334,0.257756,0.027252,0.486585,0.083701
-0.865776,0.203648,0.624446,0.161566,0.097914,0.57377
-0.553311,0.642441,0.617124,0.675769,0.557189,0.687234
-0.758025,0.156131,0.735296,0.071203,0.010475,0.320336
-0.588802,0.472286,0.582328,0.084359,0.530325,0.43784
-0.863563,0.541789,0.61911,0.083057,0.108064,0.689278
-0.909692,0.465163,0.625986,0.131133,0.007486,0.098164
-0.813109,0.170745,0.863494,0.024068,0.019937,0.137205
-0.865648,0.13355,0.806373,0.017528,0.026761,0.236653
-0.854108,0.47052,0.73582,0.111116,0.393107,0.254044
0.917221,0.090083,0.076065,0.127908,0.654828,0.052513
-0.664858,0.161795,0.675081,0.064768,0.505551,0.175775
-0.89418,0.575814,0.588567,0.143972,0.064536,0.620311
-0.93135,0.080929,0.873925,0.071442,0.033567,0.151446
-0.596629,0.433862,0.703534,0.095217,0.554618,0.420668
-0.804902,0.158016,0.651786,0.05608,0.595518,0.082812
-0.787926,0.425989,0.713513,0.092781,0.141431,0.106719
0,0,0,0,0,0
-0.92548,0.164422,0.674914,0.090891,0.033403,0.330329
0,0,0,0,0,0
-0.741703,0.081591,0.743503,0.013997,0.133873,0.186309
-0.786516,0.561158,0.643666,0.088915,0.106752,0.60638
0.301946,0.116727,0.582272,0.072612,0.650495,0.437818
-0.759821,0.608211,0.653153,0.124064,0.15516,0.182522
-0.78184,0.635372,0.692128,0.102584,0.428064,0.124642
-0.732521,0.144797,0.666946,0.045721,0.011326,0.44362
-0.732253,0.524427,0.633115,0.097385,0.554862,0.41982
-0.787672,0.733942,0.69317,0.644317,0.110419,0.698403
-0.806779,0.134628,0.712409,0.055236,0.108933,0.163289
-0.980519,0.233394,0.722855,0.082012,0.020236,0.20324
-0.411547,0.112107,0.611315,0.049584,0.580393,0.140887
-0.844407,0.221158,0.704591,0.474778,0.103052,0.174461
-0.404157,0.062651,0.619096,0.043988,0.616155,0.657258
-0.809016,0.497441,0.67966,0.073408,0.071673,0.188867
-0.633071,0.486214,0.620274,0.077509,0.555444,0.541164
-0.696293,0.10096,0.685278,0.072491,0.652232,0.664312
0,0.045894,0.524608,0.228147,0.0243,0.14739
-0.812988,0.138458,0.679738,0.092902,0.483086,0.62648
-0.987091,0.60898,0.420422,0.108116,0.014512,0.13696
-0.6283,0.107156,0.696081,0.071926,0.598673,0.636108
-0.808369,0.231809,0.587817,0.076764,0.003199,0.456461
-0.582067,0.133224,0.660262,0.05184,0.594152,0.18466
-0.754506,0.319095,0.629868,0.072445,0.007016,0.326677
-0.999439,0.293939,0.80431,0.089676,0.006307,0.097286
-0.604101,0.672124,0.205591,0.115967,0.542888,0.569669
-0.801629,0.11873,0.639758,0.073231,0.088998,0.685392
-0.836883,0.243679,0.817651,0.05143,0.022725,0.104982
-0.54032,0.147329,0.658262,0.076003,0.566666,0.102836
-0.411875,0.008862,0.157049,0.004083,0.051793,0.884507
-0.731063,0.135655,0.640423,0.689634,0.523686,0.61377
-0.922365,0.146627,0.73518,0.238302,0.008904,0.197799
-0.470496,0.057654,0.694175,0.043511,0.098957,0.336964
-0.396692,0.106078,0.595332,0.058992,0.572135,0.509358
-0.888761,0.69153,0.633457,0.154416,0.597456,0.143745
-0.926601,0.161335,0.798949,0.037073,0.026631,0.226841
-0.999898,0.460521,0.479581,0.322535,0.007408,0.118697
-0.904682,0.670898,0.186132,0.307808,0.080736,0.061895
-0.734494,0.064536,0.92429,0.013027,0.032929,0.113406
-0.525574,0.573602,0.605343,0.091564,0.518084,0.162728
-0.503962,0.097394,0.73924,0.051377,0.539604,0.125473
-0.792622,0.08157,0.875165,0.011909,0.012373,0.22954
-0.790776,0.109287,0.666585,0.038652,0.165938,0.18111
-0.647495,0.439365,0.685677,0.08467,0.569036,0.165366
-0.743961,0.169964,0.606521,0.095896,0.427176,0.152533
-0.860913,0.5794,0.650319,0.108409,0.415646,0.128719
-0.995467,0.308243,0.726539,0.068509,0.006515,0.206946
-0.9999,0.623842,0.32621,0.349442,0.006069,0.036635
-0.842983,0.615811,0.598979,0.160609,0.532471,0.089992
-0.748034,0.486799,0.66602,0.085073,0.077525,0.198159
-0.93169,0.627827,0.618588,0.586102,0.083323,0.119166
0,0,0,0,0,0
-0.559768,0.142519,0.644168,0.097247,0.535285,0.131672
-0.759959,0.118893,0.692374,0.125333,0.514758,0.115583
-0.789492,0.75193,0.244335,0.200906,0.018854,0.115278
-0.778011,0.118418,0.737349,0.080636,0.05631,0.19774
-0.482091,0.117168,0.596252,0.070251,0.5811,0.107636
-0.821277,0.639541,0.715015,0.713919,0.452635,0.686194
-0.786157,0.384701,0.524678,0.104039,0.006223,0.365651
-0.946173,0.618205,0.677413,0.138041,0.064488,0.183044
-0.721637,0.56281,0.699578,0.088602,0.522373,0.44556
-0.496202,0.547581,0.629032,0.071474,0.554781,0.630645
-0.729651,0.127671,0.680761,0.09331,0.062091,0.23689
-0.711131,0.153675,0.669461,0.112779,0.509848,0.189899
-0.751445,0.124875,0.700313,0.059338,0.090494,0.167103
-0.718521,0.116808,0.730132,0.074973,0.486158,0.305644
-0.859293,0.103194,0.805394,0.070037,0.08775,0.084024
-0.669919,0.127824,0.712929,0.47091,0.154641,0.188333
-0.880465,0.351029,0.582619,0.061637,0.009464,0.355664
-0.701391,0.122587,0.607482,0.096007,0.128752,0.627199
-0.839336,0.166215,0.574291,0.500775,0.120799,0.16301
-0.56546,0.673376,0.615018,0.050971,0.62053,0.100696
-0.844287,0.151657,0.658134,0.087545,0.077379,0.69909
-0.485766,0.449867,0.588512,0.117272,0.02411,0.167093
-0.710657,0.142361,0.654116,0.058226,0.683844,0.17779
-0.654491,0.117798,0.67399,0.091499,0.549772,0.062393
-0.862358,0.696733,0.261577,0.26699,0.021071,0.092266
-0.773587,0.566398,0.642865,0.12787,0.13268,0.161687
-0.722381,0.469493,0.625725,0.036618,0.506261,0.536544
-0.857612,0.106247,0.581715,0.098608,0.161296,0.528454
-0.673308,0.455146,0.660199,0.081798,0.555394,0.623195
-0.807022,0.107884,0.712359,0.078005,0.429042,0.598239
-0.990456,0.054196,0.763907,0.275909,0.004456,0.182432
0.338977,0.037996,0.440118,0.002665,0.532071,0.046665
-0.649659,0.212299,0.825125,0.080735,0.015196,0.135578
-0.515512,0.580518,0.630539,0.102213,0.563868,0.160033
-0.602847,0.303423,0.672927,0.029459,0.067827,0.204535
-0.72888,0.07194,0.70657,0.307876,0.067271,0.06984
-0.481638,0.117602,0.669709,0.065407,0.605882,0.114866
-0.659238,0.167601,0.684149,0.053444,0.098006,0.590629
-0.723165,0.13311,0.721788,0.010114,0.118452,0.201587
-0.764598,0.734038,0.671759,0.671515,0.49533,0.68949
-0.743196,0.185427,0.662518,0.079191,0.107114,0.18507
-0.878341,0.139965,0.641904,0.0738,0.029817,0.717301
-0.914199,0.330047,0.410182,0.147797,0.105322,0.259333
-0.741327,0.445026,0.654427,0.076465,0.504522,0.122266
-0.826644,0.111412,0.706117,0.060626,0.516807,0.486195
-0.546019,0.093443,0.69259,0.075849,0.541555,0.128603
-0.674299,0.132386,0.608445,0.117746,0.171097,0.507233
-0.548629,0.636572,0.610381,0.064782,0.586419,0.095123
-0.667162,0.077981,0.654178,0.052074,0.460333,0.518681
-0.622129,0.139498,0.619514,0.082739,0.509594,0.689591
-0.878308,0.196684,0.714769,0.155336,0.008284,0.242742
-0.991386,0.055513,0.847978,0.132479,0.003658,0.217586
-0.661945,0.092399,0.643484,0.080203,0.093304,0.096153
-0.898699,0.244111,0.738517,0.138927,0.044243,0.174663
-0.692095,0.47447,0.671837,0.084413,0.462076,0.245498
0,0,0,0,0,0
-0.936482,0.098741,0.685124,0.031992,0.221602,0.026621
-0.771967,0.156332,0.691519,0.060418,0.035582,0.277338
-0.847807,0.140105,0.669056,0.086716,0.469135,0.118846
0,0,0,0,0,0
-0.993822,0.879317,0.160664,0.044784,0.031643,0.064582
-0.829176,0.198891,0.700852,0.076207,0.531941,0.157862
-0.952962,0.202462,0.782968,0.122242,0.099051,0.16816
-0.848053,0.143304,0.613048,0.187992,0.176817,0.036863
-0.768534,0.111652,0.665901,0.052694,0.080413,0.126269
-0.676929,0.11613,0.697757,0.086976,0.536376,0.673915
-0.64844,0.046588,0.731069,0.167149,0.023797,0.306695
-0.740827,0.17572,0.620294,0.091442,0.505559,0.084101
-0.655115,0.118582,0.652345,0.075378,0.549285,0.565552
-0.787429,0.627056,0.64051,0.563935,0.604022,0.101462
-0.704429,0.118359,0.621727,0.167433,0.104011,0.526072
-0.831468,0.576596,0.646414,0.131821,0.464664,0.168603
-0.827126,0.101865,0.712907,0.056752,0.456021,0.568692
-0.97642,0.433533,0.614425,0.107633,0.005333,0.125559
-0.956656,0.167754,0.766234,0.090584,0.013063,0.24923
-0.769285,0.153448,0.679698,0.146535,0.19623,0.139524
-0.657979,0.172774,0.623403,0.09765,0.552877,0.130129
-0.423261,0.061439,0.342859,0.034204,0.417071,0.062629
-0.451562,0.406458,0.252516,0.04214,0.55561,0.108382
-0.687202,0.198099,0.603826,0.134395,0.515503,0.555866
-0.884181,0.076743,0.155718,0.119885,0.547938,0.061013
-0.632868,0.125328,0.626504,0.041334,0.567151,0.131187
-0.689506,0.025368,0.783038,0.024332,0.08499,0.243106
-0.799858,0.525485,0.307307,0.022024,0.01492,0.473075
-0.827362,0.523336,0.710918,0.066225,0.516114,0.202843
-0.7079,0.178546,0.610988,0.602315,0.544822,0.162766
-0.842838,0.09319,0.286787,0.020019,0.016795,0.810886
-0.662854,0.129463,0.624923,0.08536,0.650892,0.153974
-0.462367,0.636635,0.607204,0.063868,0.605579,0.572547
-0.728883,0.095446,0.711923,0.049202,0.494837,0.172123
-0.817573,0.093865,0.649709,0.096067,0.699231,0.105777
-0.976628,0.043982,0.853688,0.030949,0.019351,0.262431
-0.883489,0.670111,0.565443,0.179975,0.101035,0.586366
-0.657794,0.426587,0.616853,0.04999,0.610124,0.461722
-0.935752,0.151192,0.843185,0.101637,0.008762,0.12448
-0.94896,0.117289,0.899375,0.045994,0.013936,0.115493
-0.765125,0.668275,0.681389,0.686701,0.163498,0.703924
-0.829383,0.462874,0.73777,0.103441,0.076015,0.213093
-0.72203,0.092356,0.750954,0.025113,0.010439,0.390213
-0.548572,0.167605,0.130689,0.033362,0.689907,0.049006
-0.755869,0.194732,0.614,0.053822,0.524328,0.185009
-0.718449,0.432722,0.69326,0.096068,0.487508,0.118622
-0.979257,0.244464,0.681601,0.055353,0.031751,0.279084
-0.466984,0.145249,0.606988,0.106201,0.589744,0.126586
-0.839718,0.092721,0.623735,0.039406,0.061624,0.6558
0.84928,0.282542,0.099945,0.042595,0.482148,0.15474
-0.602038,0.578862,0.648162,0.049714,0.450628,0.477723
-0.911452,0.287313,0.515998,0.0588,0.00636,0.499165
-0.719023,0.602334,0.578548,0.16386,0.551649,0.096258
-0.26935,0.090506,0.24144,0.091517,0.544252,0.104703
-0.79633,0.545701,0.592113,0.150368,0.064435,0.123363
-0.762164,0.512515,0.658362,0.11721,0.129097,0.214198
-0.606731,0.151969,0.69127,0.079556,0.524163,0.183736
-0.691364,0.573233,0.645448,0.101925,0.463851,0.157525
-0.809039,0.522795,0.622182,0.08279,0.494384,0.561651
-0.67177,0.613214,0.662293,0.123589,0.128713,0.158238
-0.918242,0.275882,0.746678,0.0703,0.016573,0.174077
-0.876978,0.562528,0.713756,0.112433,0.403177,0.43985
-0.7463,0.643785,0.612957,0.122844,0.511719,0.087865
-0.619996,0.532224,0.598239,0.121422,0.566152,0.133276
-0.694097,0.461941,0.6808,0.107484,0.068169,0.120557
-0.750604,0.485819,0.207174,0.056717,0.566106,0.082542
0.340908,0.09765,0.508104,0.069482,0.649291,0.537275
-0.401469,0.249315,0.55404,0.03977,0.044867,0.426297
-0.526592,0.133858,0.526046,0.093472,0.486576,0.592654
-0.500919,0.551085,0.66979,0.089841,0.605206,0.136689
-0.933621,0.364633,0.545539,0.101297,0.008353,0.356123
-0.651795,0.34283,0.726476,0.032306,0.033165,0.113042
0,0,0.916667,0,0,0.931034
-0.988408,0.343666,0.701997,0.088331,0.014423,0.123659
-0.509228,0.149487,0.565492,0.126447,0.580524,0.133962
-0.997764,0.402708,0.665897,0.129343,0.010745,0.123548
-0.804998,0.51609,0.631138,0.108347,0.549447,0.151592
-0.769312,0.347248,0.784392,0.067972,0.006587,0.082311
-0.734245,0.107226,0.577681,0.592419,0.557646,0.613614
-0.78087,0.081467,0.693395,0.071925,0.453294,0.574541
-0.916946,0.649606,0.211296,0.116545,0.066109,0.208773
-0.874488,0.135993,0.724607,0.094444,0.04462,0.634599
-0.853207,0.160674,0.671469,0.063395,0.092953,0.581052
-0.362756,0.154439,0.567406,0.112604,0.61573,0.119953
-0.994239,0.605585,0.357595,0.34157,0.006621,0.062759
-0.767768,0.658483,0.630863,0.154825,0.084119,0.177109
-0.513969,0.060186,0.844934,0.052057,0.023203,0.241203
0.64535,0.040149,0.055114,0.064415,0.754891,0.11438
-0.997984,0.272138,0.748159,0.072082,0.006539,0.220908
-0.5618,0.224021,0.140304,0.045731,0.540556,0.162957
-0.400068,0.077027,0.685729,0.045834,0.64859,0.509302
-0.87458,0.16148,0.650414,0.066428,0.02115,0.418909
-0.949585,0.036665,0.676635,0.040908,0.086055,0.306128
0.555954,0.551445,0.204631,0.114624,0.617411,0.071453
-0.537769,0.161554,0.661392,0.011615,0.107096,0.191789
0.496861,0.095714,0.393046,0.037392,0.377737,0.129252
0.25487,0.152747,0.638896,0.10124,0.481276,0.174166
0.390044,0.593071,0.509884,0.091153,0.617333,0.070816
0.494081,0.084712,0.520084,0.084227,0.655945,0.094598
0.848595,0.107246,0.189201,0.091545,0.512848,0.095577
0.401329,0.052272,0.655178,0.05128,0.644189,0.09564
-0.305415,0.148157,0.411195,0.012173,0.443634,0.065023
-0.509794,0.409542,0.017283,0.171471,0.30037,0.200728
0.530118,0.069087,0.577899,0.032883,0.69779,0.093134
0,0.318671,0.374098,0.119718,0.017372,0.20782
0.757151,0.061803,0.432669,0.036191,0.707505,0.065724
0.89079,0.23878,0.270679,0.073039,0.4399,0.116042
0.518241,0.091724,0.120364,0.062821,0.702454,0.04612
0.920563,0.200357,0.207231,0.088543,0.533393,0.034825
0.94849,0.017757,0.032684,0.009557,0.932959,0.01294
0.698137,0.093391,0.189631,0.082737,0.615208,0.107923
-0.752654,0.10992,0.436919,0.017514,0.136894,0.092827
0.698998,0.067199,0.477364,0.081083,0.648459,0.115762
-0.483906,0.127852,0.659329,0.035321,0.176831,0.16509
0.373034,0.085889,0.172567,0.016463,0.673876,0.085038
-0.380072,0.108313,0.593761,0.08019,0.592563,0.654949
-0.308088,0.042279,0.127056,0.024201,0.056082,0.099756
0.2967,0.099944,0.096699,0.023442,0.216175,0.045441
0.483099,0.069541,0.514203,0.066559,0.599229,0.134349
0.428836,0.080012,0.46254,0.084874,0.644272,0.117682
0.642074,0.053746,0.031972,0.013712,0.756434,0.023893
0.705318,0.025669,0.138738,0.004323,0.776869,0.033797
0.35837,0.088426,0.567092,0.049946,0.668755,0.080844
0.848949,0.054122,0.286506,0.015297,0.605796,0.066461
0.450252,0.083986,0.628169,0.05618,0.575758,0.44002
-0.553096,0.099535,0.572529,0.115053,0.535768,0.441862
-0.292177,0.100372,0.594429,0.501388,0.526939,0.151458
0.468535,0.066267,0.138763,0.087324,0.721791,0.114716
0.849162,0.108269,0.244828,0.060775,0.573522,0.619984
0.33105,0.555668,0.108488,0.08856,0.61042,0.078637
-0.449255,0.179868,0.528482,0.162593,0.568793,0.142891
0.648202,0.108631,0.194921,0.082785,0.66415,0.065446
0.871282,0.011538,0.031449,0.015169,0.938094,0.006052
0.806417,0.032875,0.179905,0.048819,0.742241,0.012268
0.521725,0.041095,0.103999,0.071441,0.731843,0.02275
-0.555352,0.694213,0.552896,0.080002,0.134858,0.04674
-0.355932,0.077159,0.594781,0.057991,0.519059,0.168227
-0.526291,0.08505,0.68619,0.079408,0.477717,0.139392
-0.767574,0.563682,0.18057,0.146542,0.554352,0.081267
0.334516,0.048636,0.324639,0.077235,0.513365,0.135664
-0.342603,0.063886,0.531335,0.059545,0.641197,0.671788
0.898927,0.058341,0.133307,0.072173,0.698491,0.069137
0.363858,0.235992,0.062335,0.061475,0.69744,0.008894
0.430788,0.071177,0.353396,0.013023,0.377614,0.318717
0.559482,0.088948,0.168284,0.075867,0.673645,0.075348
0.859417,0.031239,0.057025,0.023531,0.740054,0.009701
-0.308357,0.072268,0.163339,0.034522,0.651583,0.575085
0.464208,0.08376,0.088247,0.029124,0.806185,0.017204
-0.351522,0.129694,0.319611,0.567832,0.063192,0.188421
0.486669,0.052915,0.51971,0.67921,0.497955,0.097965
-0.53461,0.252919,0.541179,0.170643,0.149479,0.083175
-0.55019,0.406223,0.375551,0.251557,0.027857,0.320114
-0.463363,0.109469,0.652332,0.054393,0.621297,0.692316
0.372864,0.084464,0.557091,0.103652,0.602431,0.440065
0.456383,0.097889,0.551144,0.131216,0.632582,0.624452
0.83737,0.074972,0.381467,0.048987,0.497426,0.03336
0.78692,0.126412,0.58978,0.077505,0.573377,0.07683
0.343145,0.094707,0.624388,0.073348,0.60982,0.090036
-0.453163,0.085304,0.576422,0.091404,0.556726,0.075762
-0.303515,0.447953,0.59669,0.046057,0.622532,0.127158
0.68847,0.068037,0.503683,0.0626,0.70909,0.122885
0.313448,0.105539,0.223344,0.042271,0.670946,0.08196
0.571767,0.096243,0.437774,0.047842,0.69349,0.08994
0.651706,0.115868,0.566503,0.066599,0.558844,0.059623
0.42897,0.17409,0.234346,0.117314,0.565427,0.087141
0.653851,0.055586,0.154269,0.006044,0.559773,0.048081
-0.344979,0.470544,0.54472,0.105185,0.562116,0.128962
-0.775209,0.081411,0.573588,0.067902,0.121987,0.20757
0.506268,0.100309,0.596366,0.055652,0.649323,0.092064
-0.348282,0.112849,0.147896,0.149594,0.690847,0.069765
-0.836409,0.095363,0.176807,0.137916,0.603749,0.062986
0.435528,0.137526,0.525597,0.102345,0.622391,0.092986
0.919938,0.040606,0.090445,0.097471,0.7209,0.061451
-0.448659,0.119793,0.590202,0.104923,0.530723,0.183251
-0.32488,0.123959,0.496933,0.105874,0.585647,0.171746
0.297536,0.102977,0.145361,0.07678,0.722636,0.107782
-0.44918,0.120564,0.61791,0.082407,0.549114,0.084229
0.252984,0.264046,0.119899,0.111624,0.018448,0.17378
0.287898,0.103851,0.624556,0.095947,0.564794,0.137801
-0.28202,0.058787,0.652568,0.044113,0.615832,0.080438
-0.709682,0.101193,0.540615,0.064878,0.164555,0.16935
-0.991978,0.009272,0.964932,0.004404,0.024025,0.080735
0.622417,0.063605,0.215502,0.007376,0.639231,0.070772
0.33091,0.692744,0.594351,0.68457,0.537142,0.557815
-0.827077,0.157629,0.77675,0.06481,0.027258,0.239327
-0.541755,0.073748,0.502553,0.1097,0.611254,0.097141
-0.620528,0.654732,0.605263,0.06646,0.541848,0.137868
0.764271,0.093066,0.276039,0.043345,0.529035,0.032134
0.35062,0.094945,0.549841,0.438633,0.640499,0.129239
0.270476,0.062522,0.50439,0.076039,0.713614,0.099357
0.399283,0.144181,0.531207,0.12043,0.58449,0.416294
-0.815979,0.182432,0.675069,0.104186,0.091084,0.232325
0.610567,0.117724,0.132952,0.105159,0.650127,0.085943
-0.751067,0.225569,0.641733,0.161107,0.515403,0.1646
0,0.061824,0.063078,0.041515,0.094859,0.054638
0.835006,0.007182,0.019382,0.003612,0.263,0.697586
0.62377,0.072993,0.156983,0.072561,0.589576,0.078095
0.284342,0.090056,0.61672,0.053813,0.644947,0.685582
0.40015,0.215885,0.355005,0.227311,0.279151,0.040972
0.583722,0.106276,0.541858,0.102025,0.646263,0.127545
-0.455724,0.201141,0.179166,0.128374,0.549082,0.033898
0.699518,0.088947,0.597296,0.109127,0.648033,0.089633
-0.665098,0.581523,0.239807,0.089395,0.538036,0.175401
-0.783349,0.6218,0.127387,0.079794,0.606621,0.091542
0.858173,0.047423,0.214601,0.035035,0.754795,0.051722
-0.317658,0.019381,0.064451,0.481607,0.479374,0.025761
0.699693,0.167157,0.203408,0.044181,0.578594,0.05555
0.871774,0.033856,0.058394,0.544642,0.637042,0.009859
-0.85866,0.610352,0.714302,0.10475,0.094602,0.205015
-0.303566,0.272294,0.479553,0.026182,0.286439,0.119073
0.325909,0.174318,0.144368,0.067253,0.316498,0.461497
0.416431,0.055104,0.447107,0.03954,0.717586,0.087368
-0.690608,0.098431,0.549753,0.102313,0.518251,0.074722
-0.50516,0.128674,0.556443,0.136422,0.164844,0.120819
-0.881306,0.426498,0.515228,0.295661,0.032103,0.028941
-0.554436,0.102912,0.174242,0.069422,0.590834,0.615757
-0.33797,0.054366,0.047595,0.026002,0.507022,0.177712
0.450779,0.14806,0.504875,0.10534,0.551159,0.119239
-0.780534,0.367749,0.590878,0.237218,0.052086,0.059097
-0.742174,0.558628,0.227354,0.158024,0.509745,0.080955
0.467241,0.150884,0.578673,0.120948,0.621497,0.129807
0.370942,0.145995,0.492845,0.063404,0.053192,0.118396
-0.429862,0.459641,0.514112,0.19734,0.633097,0.132672
-0.371537,0.127044,0.172616,0.048631,0.392545,0.253538
0.839264,0.131009,0.220882,0.119443,0.314626,0.049482
-0.407355,0.099241,0.675013,0.087814,0.572373,0.108723
-0.58234,0.17796,0.233643,0.068811,0.484634,0.157481
-0.635025,0.071787,0.427858,0.043391,0.172774,0.729697
-0.52919,0.075622,0.421595,0.025505,0.483447,0.042864
-0.510662,0.085618,0.587885,0.077129,0.628176,0.047679
0.5342,0.078824,0.109125,0.02243,0.785531,0.030905
-0.498912,0.102715,0.592219,0.08679,0.633987,0.68311
-0.477167,0.155938,0.671585,0.164624,0.008959,0.346262
0.544125,0.036032,0.090188,0.034778,0.767492,0.069225
-0.638119,0.109415,0.475392,0.024889,0.370019,0.139344
0.680214,0.085263,0.213,0.114325,0.659808,0.077138
0.614681,0.039304,0.161808,0.034903,0.751108,0.027475
0.623925,0.11488,0.190502,0.021527,0.594884,0.140307
0.524782,0.091522,0.406557,0.059051,0.320648,0.076628
0.784703,0.068428,0.473429,0.069423,0.699116,0.107576
-0.845899,0.244617,0.611045,0.274132,0.032782,0.176335
-0.363093,0.046078,0.536185,0.204314,0.285731,0.035154
0.508033,0.223561,0.393272,0.036236,0.424348,0.050229
0.586305,0.146264,0.539333,0.050189,0.670819,0.074002
0.338987,0.095562,0.074161,0.031033,0.669804,0.054456
0.730809,0.05808,0.172861,0.049089,0.624423,0.112558
0.650654,0.075793,0.119528,0.060321,0.757876,0.097429
0.472586,0.072322,0.181193,0.04921,0.593449,0.093169
0.796508,0.092489,0.037956,0.018765,0.769568,0.006647
0.733777,0.075545,0.177791,0.055629,0.558438,0.147148
0.656505,0.057016,0.347317,0.002397,0.61216,0.015143
0.5241,0.050114,0.161804,0.035107,0.725716,0.048309
-0.335802,0.14887,0.587164,0.100806,0.487961,0.125944
-0.465052,0.085162,0.489416,0.145896,0.080163,0.342097
0.522593,0.31985,0.30722,0.061105,0.408944,0.046957
-0.739271,0.15374,0.138157,0.688219,0.049407,0.109925
0.436628,0.020256,0.146378,0.047215,0.745628,0.042186
0.539196,0.15517,0.113075,0.080391,0.665081,0.038127
0.555293,0.265616,0.136005,0.064334,0.57334,0.072665
-0.326133,0.447899,0.53865,0.09132,0.604286,0.135435
-0.826082,0.169518,0.602564,0.088359,0.26022,0.178081
-0.871877,0.119283,0.70375,0.061375,0.165457,0.109861
-0.741503,0.00604,0.730765,0.021252,0.244346,0.035397
0.723927,0.134175,0.481943,0.057227,0.686952,0.134356
-0.384172,0.100532,0.519705,0.097241,0.620977,0.109861
-0.435114,0.219433,0.297915,0.062374,0.471607,0.048022
0.927802,0.054065,0.067743,0.018505,0.824563,0.047311
-0.456812,0.077165,0.538031,0.047817,0.696957,0.028657
0.584257,0.178253,0.207188,0.054294,0.427895,0.031636
0.54423,0.497949,0.58132,0.020815,0.659129,0.677319
-0.534642,0.125569,0.55574,0.130233,0.562825,0.163765
0.340627,0.099849,0.60265,0.064934,0.653848,0.109689
-0.440924,0.072173,0.404257,0.109572,0.386827,0.145847
-0.498125,0.121561,0.643206,0.110243,0.579521,0.149355
0.850037,0.0947,0.202698,0.081898,0.597696,0.108974
-0.583355,0.566513,0.595751,0.119963,0.192163,0.159004
-0.652543,0.313615,0.258126,0.430961,0.021196,0.338756
-0.480334,0.120196,0.239868,0.032342,0.630935,0.028056
0.719703,0.046819,0.149312,0.065367,0.695282,0.041667
0.353431,0.468599,0.254666,0.120425,0.525611,0.097884
0.608429,0.099974,0.119123,0.067453,0.666104,0.079584
-0.581414,0.212985,0.173219,0.009637,0.187746,0.394918
-0.419266,0.169738,0.222393,0.527432,0.580975,0.080642
0.367036,0.115997,0.534168,0.090528,0.610777,0.080453
-0.642432,0.052049,0.489458,0.433653,0.080864,0.201037
-0.426468,0.511245,0.603514,0.514175,0.566443,0.149764
0.316659,0.070167,0.575969,0.068639,0.600003,0.092379
0.626903,0.140512,0.224755,0.037064,0.116077,0.074993
-0.701323,0.199514,0.65366,0.125605,0.028254,0.317917
0.325272,0.034951,0.196487,0.036538,0.685705,0.09865
0.359456,0.048935,0.047663,0.044394,0.778583,0.001651
0.661179,0.122762,0.565682,0.056466,0.569454,0.063912
-0.341576,0.147422,0.67035,0.146383,0.127091,0.245095
-0.384253,0.122968,0.511218,0.061728,0.648294,0.569855
0.682076,0.096371,0.576036,0.077571,0.642529,0.106273
0.943756,0.013248,0.256579,0.008712,0.565581,0.021999
-0.595831,0.552624,0.549833,0.095266,0.181792,0.13104
-0.387066,0.056149,0.49893,0.051951,0.613478,0.068677
0.254719,0.186853,0.116392,0.13328,0.260459,0.072506
-0.743094,0.289099,0.384245,0.423454,0.131397,0.076237
-0.620745,0.011718,0.587059,0.013871,0.386576,0.037773
-0.311154,0.655772,0.206509,0.074525,0.129792,0.17042
0.450273,0.044075,0.334447,0.029046,0.563536,0.074152
-0.28703,0.136563,0.205961,0.464207,0.579536,0.07443
-0.278299,0.096483,0.498219,0.10553,0.602623,0.67088
0.408891,0.087587,0.575408,0.07742,0.610199,0.138208
0.793092,0.113605,0.034175,0.119113,0.734236,0.046323
-0.791024,0.611226,0.649613,0.09395,0.160376,0.547717
0.718246,0.075982,0.276863,0.07285,0.502575,0.128578
0.459361,0.109223,0.548242,0.087082,0.574351,0.147435
-0.609294,0.077965,0.559134,0.071474,0.265594,0.100739
-0.433841,0.039096,0.115401,0.004461,0.833492,0.020499
0.27983,0.179648,0.230417,0.069238,0.65721,0.065441
0.363739,0.070116,0.189021,0.096721,0.653054,0.055531
0.727963,0.016529,0.137672,0.025734,0.815408,0.018217
0.380736,0.106174,0.095895,0.051414,0.740542,0.075177
-0.58223,0.444912,0.597791,0.080714,0.52864,0.43561
0.427481,0.084134,0.114688,0.063461,0.608767,0.501473
-0.879677,0.141027,0.708857,0.330688,0.020828,0.101213
0.642823,0.129093,0.645645,0.010063,0.193964,0.126856
0.557592,0.090032,0.428066,0.006911,0.429226,0.016343
-0.500093,0.468149,0.541442,0.041758,0.121734,0.144645
0.625073,0.10354,0.543361,0.115133,0.6026,0.112627
0.480007,0.097912,0.188025,0.064514,0.692372,0.138577
-0.436053,0.155795,0.576421,0.082718,0.184453,0.174378
0.263352,0.135988,0.331706,0.033527,0.204914,0.094827
-0.57299,0.179085,0.580108,0.483227,0.457972,0.105934
-0.529351,0.152642,0.533416,0.162062,0.444497,0.086668
-0.310968,0.071784,0.691275,0.052512,0.59491,0.168037
0.623775,0.041665,0.338335,0.006124,0.612229,0.040964
0.611164,0.11186,0.2059,0.030588,0.566085,0.174789
0.921827,0.01111,0.42299,0.007543,0.562934,0.012451
0.499662,0.122413,0.495633,0.101544,0.643374,0.46021
-0.384172,0.109479,0.5248,0.101987,0.592031,0.118027
0.454814,0.127525,0.548848,0.083337,0.555897,0.099984
-0.320419,0.044614,0.169057,0.066433,0.436893,0.30489
0.348855,0.455428,0.531675,0.05217,0.182301,0.023623
0.818653,0.031357,0.488578,0.028273,0.724712,0.612302
0.73401,0.02612,0.252939,0.024304,0.727231,0.049052
-0.745924,0.562201,0.560305,0.102176,0.015271,0.055248
0.648604,0.071665,0.26965,0.012603,0.624422,0.056779
-0.620722,0.6382,0.543478,0.082894,0.666822,0.097931
-0.788078,0.258727,0.668923,0.456025,0.609214,0.171728
-0.617521,0.058382,0.791683,0.025353,0.06171,0.216485